EigenValue Spread, Normal PPCC, SWilks W, P-Value,  Mean Exp Weighted Error
80.6759561851725,0.963861319029342,0.940539397150959,8.59093936538254e-23,1.23266292382455
