Min.,1st Qu.,Median,Mean,3rd Qu.,Max.
0.000143862147414338,0.081807341035804,0.232172729869772,0.608481752384733,0.658782652490732,16.3095010618853
