Min.,1st Qu.,Median,Mean,3rd Qu.,Max.
0.0045776290662186,0.0887565583901269,0.236986843640084,0.54552045017142,0.655227072336914,10.0712127694326
