,REGION,NUMBER OF SITES,SSE
1,1,129,71.1658475483329
2,2,132,103.388561695962
3,3,140,43.5150629698034
4,4,135,75.7099312867086
5,5,130,68.7867440513496
6,6,148,68.3169265587115
7,7,121,51.2826896881077
8,8,155,45.5629512090126
9,9,126,42.071431929323
10,10,128,88.5114480528088
