,REGION,SSE
1,1,93.9727241757573
2,2,124.631701034113
3,3,75.0393184573537
4,4,113.868756728785
5,5,99.9011409687021
6,6,112.076598318895
7,7,89.2685602911577
8,8,99.4056081751141
9,9,69.1009566437597
10,10,120.080824765903
