EigenValue Spread, Normal PPCC, SWilks W, P-Value,  Mean Exp Weighted Error
101.578692829078,0.966759029589051,0.936427422106786,1.62427890055987e-23,1.23745316763775
