MOBS,NPARM,DF,SSE,MSE,RMSE,RSQ,RSQ-ADJUST,RSQ-YIELD,PERCENT BIAS
1344,14,1330,997.34618955954,0.749884353052286,0.865958632413977,0.835598547717126,0.833991616228647,0.700193651617043,12.7045939164532
