MOBS,NPARM,DF,SSE,MSE,RMSE,RSQ,RSQ-ADJUST,RSQ-YIELD,PERCENT BIAS
1344,14,1330,658.31159499012,0.494971124052722,0.703541842432077,0.891484638529749,0.890423962064251,0.802108838978659,3.21761399906147
