Min.,1st Qu.,Median,Mean,3rd Qu.,Max.
0.000143862147414338,0.0818073410441719,0.232172729873813,0.608481752394825,0.658782652432224,16.3095010622077
