Min.,1st Qu.,Median,Mean,3rd Qu.,Max.
0.00422659540273121,0.0881008331535289,0.23372944537031,0.539291562409463,0.627324557864799,10.020775676649
