EigenValue Spread, Normal PPCC, SWilks W, P-Value,  Mean Exp Weighted Error
97.8342694818202,0.971594288515847,0.936899173318455,1.95809736365122e-23,1.23760598230585
