Min.,1st Qu.,Median,Mean,3rd Qu.,Max.
0.00410013104259743,0.0878197456107352,0.233413341372824,0.542245163139007,0.635930971465634,10.1873880352808
